Domain,Theme,Subtheme,Validity
Lawn Trimmers,Warranty,Warranty Duration,Y
Lawn Trimmers,Warranty,Warranty Coverage,Y
Lawn Trimmers,Warranty,Warranty Reliability,N
Lawn Trimmers,Warranty,Reliability,N
Lawn Trimmers,Warranty,Warranty Terms,Y
Lawn Trimmers,Storage,Storage Ease,Y
Lawn Trimmers,Storage,Storage Safety,Y
Lawn Trimmers,Storage,Usage Area,N
Lawn Trimmers,Storage,Space Utilization,N
Lawn Trimmers,Storage,Storage Requirements,Y
Lawn Trimmers,Storage,Portability Issues,N
Lawn Trimmers,Pricing,Price Perception,N
Lawn Trimmers,Pricing,Readily Available,N
Lawn Trimmers,Pricing,Favorable comparison,N
Lawn Trimmers,Pricing,Pricing Feedback,Y
Lawn Trimmers,Pricing,Product Pricing,N
Lawn Trimmers,Pricing,Satisfaction with Price,N
Lawn Trimmers,Pricing,Comparative analysis,Y
Lawn Trimmers,Pricing,Pricing & Bundling,Y
Lawn Trimmers,Pricing,Value for Money,Y
Lawn Trimmers,Pricing,High Cost,Y
Lawn Trimmers,Automatic Features,Self-winding feature,Y
Lawn Trimmers,Automatic Features,Auto-Feeder Performance,Y
Lawn Trimmers,Automatic Features,Auto Wind Functionality,Y
Lawn Trimmers,Automatic Features,Auto-feed Functionality,Y
Lawn Trimmers,Automatic Features,Game-changing feature,N
Lawn Trimmers,Automatic Features,Auto-load Functionality,Y
Lawn Trimmers,Automatic Features,Automatic Shutdown Feature,Y
Lawn Trimmers,Customer Service,Quality Customer Service,Y
Lawn Trimmers,Customer Service,Unresponsive Support Team,N
Lawn Trimmers,Customer Service,Customer Service Interaction,Y
Lawn Trimmers,Customer Service,Customer Service Delay,Y
Lawn Trimmers,Customer Service,Customer Service Responsiveness,Y
Lawn Trimmers,Customer Service,Customer support concern,Y
Lawn Trimmers,Customer Service,Customer Service Follow-up,Y
Lawn Trimmers,Customer Service,Online Availability,Y
Lawn Trimmers,Customer Service,Professional Support Availability,Y
Lawn Trimmers,Customer Service,Seller Responsiveness,Y
Lawn Trimmers,Customer Service,Availability,Y
Lawn Trimmers,Customer Service,Digital Support,Y
Lawn Trimmers,Customer Service,Local Service Availability,Y
Lawn Trimmers,Handling and Control,Vibration Management,Y
Lawn Trimmers,Handling and Control,Handle Balance,Y
Lawn Trimmers,Handling and Control,Ease of Control,Y
Lawn Trimmers,Handling and Control,Handling Ease,Y
Lawn Trimmers,Handling and Control,Kickback Control,Y
Lawn Trimmers,Handling and Control,Tool Balance,Y
Lawn Trimmers,Handling and Control,Design Appreciation,Y
Lawn Trimmers,Handling and Control,Balanced Design,Y
Lawn Trimmers,Handling and Control,Ease of Removal,Y
Lawn Trimmers,Handling and Control,Design Specificity,N
Lawn Trimmers,Handling and Control,Product Balance,Y
Lawn Trimmers,Handling and Control,Lightweight Design,Y
Lawn Trimmers,Handling and Control,Switching Experience,N
Water Pitchers,Build Quality,Material Quality,Y
Water Pitchers,Build Quality,Spout Size,N
Water Pitchers,Build Quality,Construction Quality,Y
Water Pitchers,Build Quality,Build Quality Concerns,Y
Water Pitchers,Build Quality,Material Quality Concerns,N
Water Pitchers,Build Quality,Plastic Quality,Y
Water Pitchers,Build Quality,Refilling Difficulty,N
Water Pitchers,Return Experience,Return Policy,Y
Water Pitchers,Return Experience,Purchase Experience,N
Water Pitchers,Return Experience,Return Process Complexity,Y
Water Pitchers,Return Experience,Product Exchange Experience,N
Water Pitchers,Return Experience,Product Return Experience,Y
Water Pitchers,Return Experience,Product Search Experience,N
Water Pitchers,Return Experience,Refund Experience,Y
Water Pitchers,Return Experience,Return Policy Issues,Y
Water Pitchers,Odor Concerns,Water Odor Issues,Y
Water Pitchers,Odor Concerns,Odor Absorption Capability,Y
Water Pitchers,Odor Concerns,Odor Quality,Y
Water Pitchers,Odor Concerns,Odor Improvement,Y
Water Pitchers,Odor Concerns,Vulnerability to Odors,Y
Water Pitchers,Odor Concerns,Odor Issue,Y
Water Pitchers,Odor Concerns,Odor Resistance,Y
Water Pitchers,Odor Concerns,Clear Appearance,N
Water Pitchers,Odor Concerns,Sulfur Odor Problems,Y
Water Pitchers,Odor Concerns,Water Odor Problems,Y
Water Pitchers,Odor Concerns,Flouride Content,Y
Water Pitchers,Odor Concerns,Water Smell,N
Water Pitchers,Product Dimensions,Size Convenience,Y
Water Pitchers,Product Dimensions,Product Size,Y
Water Pitchers,Product Dimensions,Design Flaws,N
Water Pitchers,Product Dimensions,Capacity Preferences,N
Water Pitchers,Product Dimensions,Space Efficiency of Product,N
Water Pitchers,Product Dimensions,Pitcher Size Issues,N
Water Pitchers,Product Dimensions,Hard Water Handling,N
Water Pitchers,Product Dimensions,Capacity Adequacy,N
Water Pitchers,Product Dimensions,Capacity Limitations,N
Water Pitchers,Product Dimensions,Pitcher Capacity Limitations,N
Water Pitchers,Product Dimensions,High Volume Capacity,N
Water Pitchers,Product Dimensions,Handle Comfort,N
Water Pitchers,Product Dimensions,Capacity in Gallons,Y
Water Pitchers,Product Dimensions,Reservoir Size Issues,Y
Water Pitchers,Delivery Experience,Initial Setup Confusion,N
Water Pitchers,Delivery Experience,Delivery Speed,Y
Water Pitchers,Delivery Experience,Fitment Issues,N
Water Pitchers,Delivery Experience,Assembly Difficulty,N
Water Pitchers,Delivery Experience,Delivery Condition,N
Water Pitchers,Delivery Experience,Delivery and Setup Time,N
Water Pitchers,Delivery Experience,Order Fulfillment Error,N
